,cement,slag,fly_ash,water,superplasticizer,coarse_aggregate,fine_aggregate,age,strength
72,425.0,106.3,0.0,153.5,16.5,852.1,887.1,3,33.398217439999996
77,425.0,106.3,0.0,153.5,16.5,852.1,887.1,3,33.398217439999996
80,425.0,106.3,0.0,153.5,16.5,852.1,887.1,3,33.398217439999996
83,362.6,189.0,0.0,164.9,11.6,944.7,755.8,3,35.3011712
86,362.6,189.0,0.0,164.9,11.6,944.7,755.8,3,35.3011712
88,362.6,189.0,0.0,164.9,11.6,944.7,755.8,3,35.3011712
91,362.6,189.0,0.0,164.9,11.6,944.7,755.8,3,35.3011712
95,425.0,106.3,0.0,153.5,16.5,852.1,887.1,7,49.20100736
100,425.0,106.3,0.0,153.5,16.5,852.1,887.1,7,49.20100736
103,425.0,106.3,0.0,153.5,16.5,852.1,887.1,7,49.20100736
106,362.6,189.0,0.0,164.9,11.6,944.7,755.8,7,55.89581932
109,362.6,189.0,0.0,164.9,11.6,944.7,755.8,7,55.89581932
111,362.6,189.0,0.0,164.9,11.6,944.7,755.8,7,55.89581932
118,425.0,106.3,0.0,153.5,16.5,852.1,887.1,28,60.2946762
123,425.0,106.3,0.0,153.5,16.5,852.1,887.1,28,60.2946762
126,425.0,106.3,0.0,153.5,16.5,852.1,887.1,28,60.2946762
129,362.6,189.0,0.0,164.9,11.6,944.7,755.8,28,71.29871315999999
132,362.6,189.0,0.0,164.9,11.6,944.7,755.8,28,71.29871315999999
134,362.6,189.0,0.0,164.9,11.6,944.7,755.8,28,71.29871315999999
137,362.6,189.0,0.0,164.9,11.6,944.7,755.8,28,71.29871315999999
141,425.0,106.3,0.0,153.5,16.5,852.1,887.1,56,64.30053176
146,425.0,106.3,0.0,153.5,16.5,852.1,887.1,56,64.30053176
149,425.0,106.3,0.0,153.5,16.5,852.1,887.1,56,64.30053176
152,362.6,189.0,0.0,164.9,11.6,944.7,755.8,56,77.29715436
155,362.6,189.0,0.0,164.9,11.6,944.7,755.8,56,77.29715436
157,362.6,189.0,0.0,164.9,11.6,944.7,755.8,56,77.29715436
160,362.6,189.0,0.0,164.9,11.6,944.7,755.8,56,77.29715436
164,425.0,106.3,0.0,153.5,16.5,852.1,887.1,91,65.19685056
169,425.0,106.3,0.0,153.5,16.5,852.1,887.1,91,65.19685056
172,425.0,106.3,0.0,153.5,16.5,852.1,887.1,91,65.19685056
175,362.6,189.0,0.0,164.9,11.6,944.7,755.8,91,79.29663476
177,362.6,189.0,0.0,164.9,11.6,944.7,755.8,91,79.29663476
179,362.6,189.0,0.0,164.9,11.6,944.7,755.8,91,79.29663476
182,362.6,189.0,0.0,164.9,11.6,944.7,755.8,91,79.29663476
801,252.0,0.0,0.0,185.0,0.0,1111.0,784.0,28,19.691434559999998
809,252.0,0.0,0.0,185.0,0.0,1111.0,784.0,28,19.691434559999998
// Nó là bằng chứng kiểm tra dữ liệu.