variable,Q1,Q3,IQR,lower_bound,upper_bound,outlier_count
cement,190.68,359.0,168.32,-61.79999999999998,611.48,0
slag,0.0,144.2,144.2,-216.29999999999998,360.5,0
fly_ash,0.0,118.27,118.27,-177.405,295.675,0
water,164.0,192.0,28.0,122.0,234.0,6
superplasticizer,0.0,10.83,10.83,-16.245,27.075000000000003,7
coarse_aggregate,931.3,1028.4,97.10000000000014,785.6499999999997,1174.0500000000002,0
fine_aggregate,724.3,825.0,100.70000000000005,573.2499999999999,976.0500000000001,4
age,7.0,56.0,49.0,-66.5,129.5,41
strength,24.0971862,47.13257936,23.03539316,-10.455903540000005,81.68566910000001,2
