seed,fold,train_size,validation_size,MAE,RMSE,R2
11,1,582,139,8.367457298235177,10.377754846232442,0.625832495499902
11,2,582,139,6.777056210053394,8.719003767522466,0.6811583796033633
11,3,562,159,10.095129729416465,12.507939788686162,0.47252423453343073
11,4,565,156,8.598961940555467,10.734603972797766,0.6031316076132183
11,5,593,128,9.04994557760471,11.509110707005512,0.5544694080869647
42,1,567,154,9.103424199743172,11.264012244097799,0.6145950337015864
42,2,596,125,8.749631342651336,11.070892326375471,0.5275583746686263
42,3,589,132,8.423671210009744,10.371849861264673,0.5639979090552207
42,4,571,150,7.768636181478487,9.983792200582487,0.5768374112345958
42,5,561,160,9.03936486195281,11.604976801991862,0.5865933610859642
2026,1,573,148,8.25625039542869,10.072075015571379,0.6428272506300223
2026,2,568,153,8.1901131263815,10.52591850646572,0.6072839002524171
2026,3,567,154,8.714944290029534,11.053747196433779,0.5250814349341284
2026,4,600,121,8.87907507302313,11.257152048306533,0.5709085406728938
2026,5,576,145,9.098583792300769,11.452496222760109,0.5609509564027095
