learning_rate,epoch,train_mse
0.0001,1,1421.3801915422755
0.0001,2,1245.3439220065748
0.0001,3,1093.4528725357056
0.0001,4,962.3696649274098
0.0001,5,849.1695912915189
0.0001,6,751.3939857352025
0.0001,7,666.9276806149838
0.0001,8,593.8479429878598
0.0001,9,530.7036881146497
0.0001,10,476.1497391734679
0.0001,11,428.9263833788195
0.0001,12,388.0887813166963
0.0001,13,352.75272389583665
0.0001,14,322.1970628841333
0.0001,15,295.7064546060745
0.0001,16,272.76224327729614
0.0001,17,252.91246559943866
0.0001,18,235.71064690855354
0.0001,19,220.79642848062272
0.0001,20,207.8629229483298
0.0001,21,196.64979534281377
0.0001,22,186.9097081894068
0.0001,23,178.45287043288238
0.0001,24,171.10641104357302
0.0001,25,164.71889031134612
0.0001,26,159.1566911354934
0.0001,27,154.33299100437824
0.0001,28,150.1230073701686
0.0001,29,146.47294294273937
0.0001,30,143.28228996336287
0.0001,31,140.51241350409077
0.0001,32,138.07542869311368
0.0001,33,135.957256965006
0.0001,34,134.09410426649558
0.0001,35,132.47193016875565
0.0001,36,131.04885929275815
0.0001,37,129.79048046968697
0.0001,38,128.68234922554421
0.0001,39,127.70746881704802
0.0001,40,126.84829711924114
0.0001,41,126.08679706376026
0.0001,42,125.40718630968678
0.0001,43,124.80328377225915
0.0001,44,124.26717374571285
0.0001,45,123.79095701727461
0.0001,46,123.36466831640784
0.0001,47,122.98171673796561
0.0001,48,122.63627649729114
0.0001,49,122.32275549561096
0.0001,50,122.03921232210553
0.0001,51,121.77953453872395
0.0001,52,121.54552290906501
0.0001,53,121.32884499818957
0.0001,54,121.13265788424899
0.0001,55,120.94916274360759
0.0001,56,120.78034945875639
0.0001,57,120.62512695402596
0.0001,58,120.47978503628354
0.0001,59,120.34246698573811
0.0001,60,120.21594247671855
0.0001,61,120.09532310639159
0.0001,62,119.98239046892347
0.0001,63,119.87594989224434
0.0001,64,119.77370243003446
0.0001,65,119.6765757906727
0.0001,66,119.58435488905728
0.0001,67,119.49563260652225
0.0001,68,119.41117623318826
0.0001,69,119.32943071643159
0.0001,70,119.25023735015876
0.0001,71,119.17493926168052
0.0001,72,119.1022327027549
0.0001,73,119.03235372412887
0.0001,74,118.96484508857323
0.0001,75,118.89930325155834
0.0001,76,118.83588522294534
0.0001,77,118.77452861752903
0.0001,78,118.71499840282218
0.0001,79,118.6569644372739
0.0001,80,118.60073568069878
0.0001,81,118.54596477501813
0.0001,82,118.4925444079626
0.0001,83,118.44081200018074
0.0001,84,118.38982521600165
0.0001,85,118.34070640425008
0.0001,86,118.29255274190939
0.0001,87,118.24560877531154
0.0001,88,118.19999279266084
0.0001,89,118.15539775013622
0.0001,90,118.11151850650826
0.0001,91,118.0687885471094
0.0001,92,118.02709639130317
0.0001,93,117.98634689251487
0.0001,94,117.94655596331532
0.0001,95,117.9077600505084
0.0001,96,117.86981478471394
0.0001,97,117.8323877875997
0.0001,98,117.79610611284139
0.0001,99,117.76047217034314
0.0001,100,117.7255570594719
0.0001,101,117.69150641006637
0.0001,102,117.65835988331129
0.0001,103,117.62569275817198
0.0001,104,117.59366334865483
0.0001,105,117.56225589261044
0.0001,106,117.53152980402977
0.0001,107,117.501427548341
0.0001,108,117.47204612858627
0.0001,109,117.44324641352827
0.0001,110,117.41492127192532
0.0001,111,117.3871749973022
0.0001,112,117.36009101022088
0.0001,113,117.33351857705034
0.0001,114,117.30755667720982
0.0001,115,117.28199008816321
0.0001,116,117.25687930623606
0.0001,117,117.232281233941
0.0001,118,117.20806474345584
0.0001,119,117.1843915012602
0.0001,120,117.16116977048834
0.0001,121,117.13843814250879
0.0001,122,117.11603263892776
0.0001,123,117.09409605502823
0.0001,124,117.07251952340744
0.0001,125,117.05141114562622
0.0001,126,117.03067396802794
0.0001,127,117.01027394839582
0.0001,128,116.99028936501664
0.0001,129,116.97072318699193
0.0001,130,116.95147578956298
0.0001,131,116.93245395725135
0.0001,132,116.91383068856078
0.0001,133,116.8955402741275
0.0001,134,116.87758024277588
0.0001,135,116.85989083590435
0.0001,136,116.8425401697349
0.0001,137,116.82547599399692
0.0001,138,116.80866155159609
0.0001,139,116.79212490145257
0.0001,140,116.77589866387653
0.0001,141,116.75990083537934
0.0001,142,116.7441697998459
0.0001,143,116.72868994371015
0.0001,144,116.71345161607539
0.0001,145,116.69852043768111
0.0001,146,116.68379178510865
0.0001,147,116.66926382228998
0.0001,148,116.655020638215
0.0001,149,116.64097121013259
0.0001,150,116.62720760544208
0.0001,151,116.61353733213491
0.0001,152,116.60008953793982
0.0001,153,116.58686446881758
0.0001,154,116.57379784233945
0.0001,155,116.5609410626998
0.0001,156,116.54831856613228
0.0001,157,116.5359397569295
0.0001,158,116.52351724848297
0.0001,159,116.51137786867294
0.0001,160,116.49946314726454
0.0001,161,116.48766818660891
0.0001,162,116.47607643557353
0.0001,163,116.46460693574198
0.0001,164,116.45331028167473
0.0001,165,116.44216323913273
0.0001,166,116.43115214896692
0.0001,167,116.42027508538283
0.0001,168,116.40953039754216
0.0001,169,116.39895125383634
0.0001,170,116.38853260689032
0.0001,171,116.37829480879239
0.0001,172,116.36807070118459
0.0001,173,116.35799666241608
0.0001,174,116.34807569787132
0.0001,175,116.33833889561049
0.0001,176,116.32874154528433
0.0001,177,116.31907921327443
0.0001,178,116.30959983963639
0.0001,179,116.30027693805214
0.0001,180,116.29110063436566
0.0001,181,116.28196443569777
0.0001,182,116.27292605233241
0.0001,183,116.2640050290006
0.0001,184,116.25520636162854
0.0001,185,116.24650804467001
0.0001,186,116.23789425028338
0.0001,187,116.22935194421997
0.0001,188,116.22095420168792
0.0001,189,116.21255935068967
0.0001,190,116.20429425840592
0.0001,191,116.19612787273125
0.0001,192,116.18801122949232
0.0001,193,116.17999983190347
0.0001,194,116.17205832678435
0.0001,195,116.16421216668184
0.0001,196,116.15644498931127
0.0001,197,116.14876362979439
0.0001,198,116.14115481530037
0.0001,199,116.13363140233453
0.0001,200,116.12617752738717
0.001,1,471.76406816514907
0.001,2,206.0388547993965
0.001,3,143.03124493066602
0.001,4,127.22863968348683
0.001,5,122.39844549288495
0.001,6,120.43250847782369
0.001,7,119.5127015020311
0.001,8,118.65264931706545
0.001,9,118.21052985885254
0.001,10,117.75405055770007
0.001,11,117.46533880052544
0.001,12,117.20090845233308
0.001,13,116.96792488882723
0.001,14,116.81014204993988
0.001,15,116.63748429422171
0.001,16,116.6012461467163
0.001,17,116.41058615886178
0.001,18,116.2902034034346
0.001,19,116.2454745530945
0.001,20,116.14919395884519
0.001,21,116.0744637590249
0.001,22,116.03693939669088
0.001,23,115.92982820345426
0.001,24,115.92173348653368
0.001,25,115.8979035907358
0.001,26,115.81637962860277
0.001,27,115.81065632491386
0.001,28,115.6918220990777
0.001,29,115.65562710720525
0.001,30,115.63123543491228
0.001,31,115.6572780649606
0.001,32,115.55383891817552
0.001,33,115.51295712178877
0.001,34,115.47648396893895
0.001,35,115.45752997864201
0.001,36,115.50921303935446
0.001,37,115.43450144598181
0.001,38,115.42662053393005
0.001,39,115.35436885498846
0.001,40,115.30431480915318
0.001,41,115.52954905681904
0.001,42,115.40504611319612
0.001,43,115.25729002818149
0.001,44,115.21241235701333
0.001,45,115.23163422764009
0.001,46,115.19366619392038
0.001,47,115.1581073607452
0.001,48,115.27726906406082
0.001,49,115.13138060396305
0.001,50,115.10284460602453
0.001,51,115.10307797232318
0.001,52,115.07310038899215
0.001,53,115.11251399366594
0.001,54,115.28033916742879
0.001,55,115.06257384814138
0.001,56,115.03874267233728
0.001,57,115.03078990805895
0.001,58,115.03386113487495
0.001,59,115.07200340263928
0.001,60,114.981931041438
0.001,61,114.96866678457462
0.001,62,115.00521084086023
0.001,63,114.9653043377318
0.001,64,114.96299639831355
0.001,65,115.06728311372785
0.001,66,114.97137244953574
0.001,67,114.91022782544736
0.001,68,114.91059120880101
0.001,69,114.95370085081494
0.001,70,115.0063124026294
0.001,71,114.89172858959473
0.001,72,115.01773200233458
0.001,73,114.88880202031291
0.001,74,114.92658102980052
0.001,75,114.9513635831824
0.001,76,114.85490947784432
0.001,77,114.84213852357662
0.001,78,114.84750065876072
0.001,79,114.83573351029388
0.001,80,114.92703250300377
0.001,81,114.85699207222598
0.001,82,114.85484774228158
0.001,83,114.91361965961067
0.001,84,114.83377658937373
0.001,85,114.82631039903174
0.001,86,114.81997990314338
0.001,87,114.83048859776197
0.001,88,114.80574358595501
0.001,89,114.84816413920161
0.001,90,114.86739796973585
0.001,91,114.82750594580114
0.001,92,114.78088888796553
0.001,93,114.83380212799499
0.001,94,114.93845556871034
0.001,95,114.78953519242565
0.001,96,114.86012518148408
0.001,97,114.9191788455037
0.001,98,114.79110900095895
0.001,99,114.75687344014646
0.001,100,114.81717086159118
0.001,101,114.76299225794152
0.001,102,114.7788201422976
0.001,103,114.82680903073918
0.001,104,114.77215799732392
0.001,105,114.75702541719721
0.001,106,114.7746503384541
0.001,107,114.78822881131572
0.001,108,114.82198499930828
0.001,109,114.848864630928
0.001,110,114.74955593931688
0.001,111,114.86867584664189
0.001,112,114.75995611821989
0.001,113,114.7440624403158
0.001,114,114.76098973490234
0.001,115,114.82119410382447
0.001,116,114.74200626804799
0.001,117,114.73802546918223
0.001,118,114.74307875892501
0.001,119,114.79202008953308
0.001,120,114.80554010958357
0.001,121,114.78431876595026
0.001,122,114.74036156332689
0.001,123,114.74120453068679
0.001,124,114.75852703087736
0.001,125,114.75852536064343
0.001,126,114.76710730188599
0.001,127,114.78152732409775
0.001,128,114.76847394204894
0.001,129,114.78661829012897
0.001,130,114.78182631667866
0.001,131,114.74939118864478
0.001,132,114.72966419264066
0.001,133,114.75200360696584
0.001,134,114.7263984824061
0.001,135,114.76658222760364
0.001,136,114.72821179829073
0.001,137,114.74186611250435
0.001,138,114.74474285025344
0.001,139,114.72642191987484
0.001,140,114.71836144192304
0.001,141,114.73089974148806
0.001,142,114.75042947098957
0.001,143,114.76081834689023
0.001,144,114.7937422957839
0.001,145,114.77111099449414
0.001,146,114.75132312882457
0.001,147,114.73025469714295
0.001,148,114.72826024978512
0.001,149,114.75932859776228
0.001,150,114.7851373988593
0.001,151,114.81060527720749
0.001,152,114.76798058660039
0.001,153,114.73480414125743
0.001,154,114.81669647186696
0.001,155,114.768024244246
0.001,156,114.81151915222472
0.001,157,114.84662940051379
0.001,158,114.76460603214176
0.001,159,114.78362277122751
0.001,160,114.73013335888842
0.001,161,114.7221726097879
0.001,162,114.74243024755708
0.001,163,114.72657762525914
0.001,164,114.73855474785238
0.001,165,114.79836335774299
0.001,166,114.76982604802151
0.001,167,114.73487133572034
0.001,168,114.76789172215186
0.001,169,114.77043686644524
0.001,170,114.78310215707741
0.001,171,114.87530957885855
0.001,172,114.75418900384165
0.001,173,114.89246354916591
0.001,174,114.72833287506008
0.001,175,114.77226372755888
0.001,176,114.90659322347035
0.001,177,114.81567269443495
0.001,178,114.77298359860828
0.001,179,114.7371528844464
0.001,180,114.79496797115878
0.001,181,114.71840597572147
0.001,182,114.71910691372427
0.001,183,114.73019721598395
0.001,184,114.77957050034134
0.001,185,114.74573975139914
0.001,186,114.72186572932173
0.001,187,114.75206551620883
0.001,188,114.79334335605559
0.001,189,114.72222086030132
0.001,190,114.77616065931863
0.001,191,114.79072124814337
0.001,192,114.72012220598812
0.001,193,114.7283671666058
0.001,194,114.73418672267252
0.001,195,114.72448579803651
0.001,196,114.72636416621727
0.001,197,114.71798294359337
0.001,198,114.78935242948138
0.001,199,114.81348979033113
0.001,200,114.7381725427639
0.01,1,122.94156412351158
0.01,2,120.76668021479021
0.01,3,118.31334796055984
0.01,4,120.05262811888393
0.01,5,120.1190671132905
0.01,6,117.58685008171645
0.01,7,120.50912255689815
0.01,8,117.3016947633361
0.01,9,122.78679124031152
0.01,10,119.3719342490233
0.01,11,116.32822158369052
0.01,12,123.85062853041727
0.01,13,120.76178120100884
0.01,14,121.00429613711788
0.01,15,120.10872163077634
0.01,16,121.69338356174117
0.01,17,115.52146878761857
0.01,18,119.2656866002089
0.01,19,123.60849053663935
0.01,20,118.94961462868709
0.01,21,122.92664382728722
0.01,22,118.73555941027337
0.01,23,117.35515540493384
0.01,24,123.26107529342039
0.01,25,116.75553234115449
0.01,26,116.98973642429011
0.01,27,119.51748581839706
0.01,28,119.40897828665771
0.01,29,117.38591327289357
0.01,30,116.17752130512925
0.01,31,124.656783360196
0.01,32,119.88374990742321
0.01,33,117.73623171235582
0.01,34,119.21045841089965
0.01,35,118.99806006037437
0.01,36,118.14377738184402
0.01,37,118.84104810454002
0.01,38,119.8195664453606
0.01,39,118.67431731885723
0.01,40,120.22349821872304
0.01,41,119.82244356360007
0.01,42,124.5520232210388
0.01,43,117.81853198114679
0.01,44,118.10066237380414
0.01,45,120.43263691092581
0.01,46,118.53592280715758
0.01,47,118.06290392182628
0.01,48,120.50324920695934
0.01,49,120.3922819598744
0.01,50,116.39075709548224
0.01,51,117.67610456697506
0.01,52,115.34222219102782
0.01,53,126.50601621239076
0.01,54,115.67356459434028
0.01,55,117.97086436111037
0.01,56,116.8843686679559
0.01,57,124.07052179740094
0.01,58,118.0066694140739
0.01,59,119.94424230674771
0.01,60,118.14405261606487
0.01,61,119.15642291595982
0.01,62,121.68879332184976
0.01,63,118.16160218149683
0.01,64,115.98654914457629
0.01,65,124.74741061977866
0.01,66,116.08939242674785
0.01,67,117.70659488836434
0.01,68,119.06759946856951
0.01,69,118.52898516290415
0.01,70,121.87850219087203
0.01,71,119.03230374977122
0.01,72,129.4346713632706
0.01,73,116.68700682073987
0.01,74,123.9560907492382
0.01,75,119.56409223663825
0.01,76,116.4705040606371
0.01,77,118.58691932225508
0.01,78,117.10854342158561
0.01,79,117.27234794041452
0.01,80,122.16436929081866
0.01,81,118.3967071118451
0.01,82,120.51388025162562
0.01,83,118.25278036887381
0.01,84,117.60547678062636
0.01,85,118.3419058303303
0.01,86,122.70144728529034
0.01,87,119.02578179529691
0.01,88,118.12903494266703
0.01,89,121.14865212554919
0.01,90,120.75635204928606
0.01,91,117.25253284756327
0.01,92,118.44828915501597
0.01,93,119.64127755776558
0.01,94,124.23959994102913
0.01,95,116.21063687870505
0.01,96,121.79533794027097
0.01,97,133.27053932935053
0.01,98,120.42890140619923
0.01,99,118.50338885482826
0.01,100,124.60747689961853
0.01,101,121.74987090894842
0.01,102,119.99422318952406
0.01,103,122.81870895385049
0.01,104,118.60705861469846
0.01,105,117.56719704161895
0.01,106,117.04937015549466
0.01,107,121.61973943906523
0.01,108,122.38705608459094
0.01,109,126.37931210392689
0.01,110,117.11115392266406
0.01,111,119.15079930113744
0.01,112,118.28349405229964
0.01,113,120.43222285024903
0.01,114,118.78704332355723
0.01,115,120.2992556104688
0.01,116,116.77370257479652
0.01,117,117.76761845398754
0.01,118,119.17152692334405
0.01,119,118.67598882026174
0.01,120,124.19695042210851
0.01,121,122.56545535723339
0.01,122,117.06511520937492
0.01,123,119.80196075706415
0.01,124,120.28846725826422
0.01,125,129.14055133507006
0.01,126,121.42414894760616
0.01,127,121.74712020812345
0.01,128,119.1134761430561
0.01,129,120.42194421332482
0.01,130,116.63395412834298
0.01,131,117.66627201505509
0.01,132,118.31207235720623
0.01,133,116.15978364974644
0.01,134,117.49260397102611
0.01,135,116.76904383273231
0.01,136,119.93209623107347
0.01,137,116.91776789065419
0.01,138,117.58496559969399
0.01,139,117.77290061930059
0.01,140,118.11450296453218
0.01,141,118.31068433284331
0.01,142,120.62483113731062
0.01,143,121.01454113005694
0.01,144,121.48511195869364
0.01,145,120.1580916317842
0.01,146,115.75752461475328
0.01,147,115.50008983476181
0.01,148,125.71933399884712
0.01,149,121.34697079853807
0.01,150,123.95931651026304
0.01,151,119.2902844371675
0.01,152,120.74282322720723
0.01,153,122.0327664519603
0.01,154,117.5476615899291
0.01,155,126.11469990013758
0.01,156,117.0323189602094
0.01,157,120.98617216032733
0.01,158,120.47235981178174
0.01,159,118.73838137984289
0.01,160,118.55983042524319
0.01,161,117.44078965604379
0.01,162,122.0806844450113
0.01,163,118.98086447946943
0.01,164,119.24652865875582
0.01,165,118.46003655892308
0.01,166,121.95034738539397
0.01,167,119.41529086351865
0.01,168,117.49731199897101
0.01,169,123.48874270577113
0.01,170,120.36353310813253
0.01,171,119.62580643856603
0.01,172,125.40888470573782
0.01,173,127.67061109542816
0.01,174,118.10079105489528
0.01,175,121.05103422145956
0.01,176,125.9956597687475
0.01,177,127.53957763963047
0.01,178,119.30540438559704
0.01,179,118.69896167443815
0.01,180,121.37986807165429
0.01,181,120.40849074357111
0.01,182,116.54868146466147
0.01,183,121.32868221492915
0.01,184,118.02935604605067
0.01,185,119.28993603556607
0.01,186,116.32628607556768
0.01,187,117.52881691059332
0.01,188,117.70578996474148
0.01,189,118.76837844054273
0.01,190,125.75015619129049
0.01,191,120.79631382915453
0.01,192,118.36536546308366
0.01,193,117.09235161965988
0.01,194,115.98454692131288
0.01,195,119.0243940983804
0.01,196,120.4553492691012
0.01,197,115.66990681137734
0.01,198,129.31911158339958
0.01,199,133.23173002160587
0.01,200,118.62037764127184
