cement,slag,fly_ash,water,superplasticizer,coarse_aggregate,fine_aggregate,age,strength,predicted_strength,residual,absolute_residual,outside_train_range
236.0,0.0,0.0,193.0,0.0,968.0,885.0,365,25.08313688,54.18848616845311,-29.10534928845311,29.10534928845311,No
307.0,0.0,0.0,193.0,0.0,968.0,812.0,365,36.14922668,61.409028586016284,-25.259801906016285,25.259801906016285,No
190.0,190.0,0.0,228.0,0.0,932.0,670.0,28,40.856968808,18.1998587116012,22.6571100963988,22.6571100963988,No
385.0,0.0,0.0,186.0,0.0,966.0,763.0,1,6.26733684,28.697501241986167,-22.43016440198617,22.43016440198617,age
323.7,282.8,0.0,183.8,10.3,942.7,659.9,28,74.69782984,52.80957795736007,21.888251882639928,21.888251882639928,No
304.0,76.0,0.0,228.0,0.0,932.0,670.0,90,49.185149412,27.391088144069776,21.794061267930225,21.794061267930225,No
167.95,42.08,163.83,121.75,5.72,1058.7,780.11,14,17.8229546,38.41306627978295,-20.590111679782954,20.590111679782954,No
382.0,0.0,0.0,186.0,0.0,1111.0,784.0,7,11.46598588,31.12104122383187,-19.65505534383187,19.65505534383187,No
193.5,290.2,0.0,185.7,0.0,998.2,704.3,7,17.200357771999997,35.40029981451263,-18.19994204251263,18.19994204251263,No
310.0,143.0,111.0,168.0,22.0,914.0,651.0,28,33.68779736,51.72592473109397,-18.03812737109397,18.03812737109397,No
